{"in": 22.727272727272727, "aceasta": 9.090909090909092, "este": 22.727272727272727}